CONTRACTID;START;END;CONTRACTNUMBER;CUSTOMERID;FULLNAME;DATEOFBITRH;SEX;PASSPORTSERIESNUMBER;TYPE;ADDINFO
0;18.01.1944;18.01.2029;119742;39;Bobby Ahmad;21.02.1948;male;113346;TELEVISION;9,dFSsyDKdNh,jgItzSOEtJLQQZEmHdpd
1;21.07.1950;21.07.1996;189678;49;Anas Velazquez;02.10.1992;female;198856;MOBILE;167,169,5.0
2;21.07.1973;21.07.1985;113835;93;Cheyanne Castaneda;13.06.1971;female;167195;INTERNET;3.0
3;14.05.1994;14.05.2051;166309;35;Opal Beach;05.10.1988;male;117335;TELEVISION;5,hTYdewjvgz,xoGIitoDKwbxKOTGnVis
4;05.04.1967;05.04.2064;159151;56;Dora Barclay;05.06.1943;male;123328;MOBILE;259,66,0.0
5;07.05.1958;07.05.2022;192456;14;Marwah Travers;07.11.1966;male;196832;INTERNET;10.0
6;17.11.1993;17.11.1999;162214;85;Rhona Macfarlane;16.07.1994;male;189719;TELEVISION;7,GrInvOTMvd,UtxRgzUKqeIOgVHiauyb
7;17.04.2000;17.04.2031;114338;83;Cooper Cruz;11.03.1973;male;119540;MOBILE;289,117,4.0
8;05.09.1979;05.09.1983;158335;93;Bruno Poole;19.09.1974;male;112127;INTERNET;278.0
9;10.04.1958;10.04.2058;188920;17;Coby Amos;24.10.1975;male;143146;TELEVISION;3,CdBqfOoYcc,gJTDHIujEDXBdWxekNQE
10;21.03.1961;21.03.2040;150792;8;Jamie-Lee Gallagher;18.03.1975;male;107904;MOBILE;297,57,5.0
11;25.04.1997;25.04.2024;190907;65;Desiree Sparks;22.09.1999;female;132653;INTERNET;222.0
12;19.02.1959;19.02.2040;126409;18;Mckenzie Matthews;13.05.1962;male;100709;TELEVISION;8,tOaLyQfKRe,XinkLDwYDUzWsMczyvLF
13;13.05.1962;13.05.2006;145723;5;Alistair Forbes;17.03.1980;female;139209;MOBILE;106,248,0.0
14;31.08.1985;31.08.2040;182075;26;Nelly Burn;17.06.1957;female;169413;INTERNET;270.0
15;08.09.1974;08.09.2040;143085;81;Giorgio Flower;12.08.1974;male;120967;TELEVISION;3,tFFDumkwxw,grbMazFyXqJTTFoxmVbQ
16;23.07.1980;23.07.2066;179688;88;Rosa Carney;22.08.1947;male;183817;MOBILE;52,206,3.0
17;01.12.1967;01.12.2058;116877;27;Buddy Davila;10.12.1944;female;147971;INTERNET;341.0
18;06.05.1943;06.05.1946;123934;62;Jenson Dean;14.10.1977;male;122528;TELEVISION;7,vFbzBdNcFF,UnQpDGQKjnRTSSfCFYSd
19;28.11.1942;28.11.1974;100091;96;Everett Becker;14.07.1944;male;138401;MOBILE;87,216,3.0
20;07.11.1980;07.11.2035;197096;19;Betty Irvine;28.12.1998;female;183081;INTERNET;346.0
21;26.04.1979;26.04.2068;121563;23;Derren Cochran;01.06.1945;male;125083;TELEVISION;5,ZhhOskCZyU,oPxwJNlTaftHQOegGtgY
22;07.10.1988;07.10.2028;100107;54;Keyan Franks;23.11.1982;male;161024;MOBILE;299,9,8.0
23;27.08.1960;27.08.1970;108966;90;Lyndsey Ross;02.11.1977;female;138912;INTERNET;69.0
24;08.08.1944;08.08.2015;143521;92;Kobi Herrera;25.12.1966;female;151218;TELEVISION;1,JCaKwAvaUm,obTmwBXyPGCCyNMdmbSA
25;29.01.1949;29.01.2048;150094;24;Agatha Norris;25.11.1952;female;141414;MOBILE;281,45,3.0
26;26.02.1998;26.02.2013;131452;28;Jared Cartwright;15.06.1991;male;149465;INTERNET;22.0
27;04.07.1972;04.07.2058;148209;74;Nyla Warren;10.05.1978;female;157486;TELEVISION;9,detyzcWbiK,mmkuarHCguGkwcMoWkPX
28;26.06.1986;26.06.2065;194252;45;Keziah Valentine;31.10.1951;female;100851;MOBILE;236,137,1.0
29;29.06.1996;29.06.2057;160761;98;Amisha Haynes;12.06.1991;male;120931;INTERNET;161.0
30;21.12.1975;21.12.2067;146484;78;Dominick Cain;20.04.1968;female;147378;TELEVISION;6,JRQrXqEPZk,XHaKtVSyHAIkTqKURYcX
31;25.09.1999;25.09.2043;167932;71;Alistair Forbes;07.11.1954;male;183465;MOBILE;71,123,2.0
32;10.02.1960;10.02.1999;196790;84;Pearce Diaz;02.07.1970;male;124581;INTERNET;230.0
33;04.07.1977;04.07.2046;178632;65;Perry Cooper;21.06.1981;female;143851;TELEVISION;2,CYTOQNfZho,EmZkiBDgaphejZFbDliD
34;07.11.1960;07.11.2032;128675;37;Jenson Dean;05.06.1951;female;156339;MOBILE;181,109,1.0
35;21.09.1959;21.09.1976;148290;28;Rhydian Power;29.12.1961;male;166945;INTERNET;132.0
36;05.03.1973;05.03.2059;186138;42;Ebonie Ferry;17.01.1961;male;124035;TELEVISION;0,iYngTlZcyn,XLEDhDNbLdxjhWxCQvWq
37;09.08.1986;09.08.2075;106669;96;Alima Ponce;31.12.1958;female;104784;MOBILE;129,253,1.0
38;10.01.1963;10.01.1969;104522;53;Hudson Mansell;22.02.1990;female;194769;INTERNET;313.0
39;15.05.1983;15.05.2028;156441;43;Anya Cummings;22.07.1966;female;135938;TELEVISION;2,IwlpzZdlIx,iMSddaEceaJbQlTYBdhh
40;04.12.1955;04.12.1969;150036;9;Agatha Norris;21.04.1963;male;175977;MOBILE;211,289,4.0
41;03.09.1950;03.09.1956;180849;71;Samiyah Herbert;01.10.1960;female;141035;INTERNET;12.0
42;15.05.1986;15.05.2068;199494;21;Amalia Hendrix;12.10.1964;male;144256;TELEVISION;5,qIcceWTVSF,NwdYNvXNFMDfjzuPRnFR
43;02.07.1943;02.07.2030;113549;47;Rehan Goulding;17.06.1976;male;193209;MOBILE;230,286,5.0
44;10.08.1961;10.08.2027;136984;96;Mea Marquez;16.05.1954;male;171572;INTERNET;187.0
45;04.07.1956;04.07.2055;118076;15;Tobias Metcalfe;14.01.1941;female;136501;TELEVISION;9,DoZIhBctTG,cslZXomovXkAlfvDANya
46;05.08.1947;05.08.2021;137392;14;Umer Hammond;26.04.1945;female;122397;MOBILE;225,98,4.0
47;15.11.1992;15.11.2061;113089;21;Kade Rowley;22.01.1997;male;103835;INTERNET;276.0
48;13.01.1964;13.01.2013;149640;11;Glen Kendall;26.05.1957;male;142974;TELEVISION;9,CgXWKtMAFL,DeMNUjbEhZcHAfYiTWCy
49;02.06.1990;02.06.2075;189193;60;Eshal Roman;14.01.1988;male;114175;MOBILE;70,4,1.0
50;22.05.1952;22.05.1994;120970;51;Sherry Wicks;15.10.1977;male;123838;INTERNET;243.0
51;26.07.1949;26.07.1994;171723;2;Oliver Spence;28.02.1995;female;151240;TELEVISION;1,uauWfLNHGK,hTOLFglyiEzRzmJWVSaa
52;20.06.1982;20.06.2045;125644;49;Boris Atkinson;23.10.1998;male;175580;MOBILE;276,87,8.0
53;27.08.1942;27.08.1991;114897;56;Claude Palmer;27.09.1950;female;136197;INTERNET;384.0
54;18.08.1948;18.08.1983;184093;75;Dorian Mccullough;17.02.1993;male;123744;TELEVISION;8,MNzeAcpsSO,aNpraYtyAVUhayFDGbvl
55;18.12.1970;18.12.2016;137426;43;Jenson Dean;25.12.1948;male;133461;MOBILE;274,275,9.0
56;17.06.1974;17.06.1976;106052;20;Reema Wagner;11.08.1991;female;193502;INTERNET;354.0
57;02.10.1977;02.10.1986;101307;91;Hebe Morales;13.04.2000;female;129797;TELEVISION;2,igoHrTnJjb,ONfLYjnJpBcPAdLlEpYk
58;14.11.1993;14.11.2009;102503;39;Konrad Blundell;22.03.1994;male;163571;MOBILE;113,186,5.0
59;02.10.1960;02.10.1972;115438;60;Hawwa Arroyo;16.04.1969;male;174736;INTERNET;104.0
60;20.11.1957;20.11.2039;141921;89;Alicia Holland;05.12.1948;female;125353;TELEVISION;9,HzbMXeLMNs,dumFrUOiZTjbqKqKQhgu
61;05.07.1997;05.07.2037;100134;30;Margie Daly;08.11.1958;male;106709;MOBILE;258,87,6.0
62;09.09.1960;09.09.2058;111481;33;Cairon Sanders;09.07.1945;male;165068;INTERNET;67.0
63;06.06.1975;06.06.2019;102500;99;Aurora Barnard;11.02.1962;female;199366;TELEVISION;2,EhaReaMyZf,hByaPDYelNYBCCUzDztz
64;26.06.1961;26.06.1971;189370;97;Dora Barclay;12.08.1944;female;182076;MOBILE;202,293,9.0
65;22.09.1964;22.09.1968;115196;54;Alby Hanson;17.09.1996;male;170331;INTERNET;175.0
66;23.02.1948;23.02.1989;182053;74;Jana Brady;25.02.1957;male;124431;TELEVISION;2,kkvkcnUeyt,iSGrnvxLSJpTlHlGaeiQ
67;01.02.1970;01.02.1984;119620;41;Devon Fisher;04.08.1954;male;132391;MOBILE;247,167,3.0
68;19.08.1988;19.08.2000;123234;72;Ayaana Duarte;14.11.1941;male;145317;INTERNET;296.0
69;19.04.1973;19.04.2000;137788;83;Tarik Myers;10.03.1948;male;197502;TELEVISION;6,mGkdKsskHX,mRbSGAyLcXvqQWyauTAC
70;12.07.1986;12.07.2001;167774;59;Bobby Ahmad;27.09.1961;male;145407;MOBILE;8,68,4.0
71;07.01.1958;07.01.2009;171656;84;Simran Buxton;04.07.1957;male;103250;INTERNET;290.0
72;27.04.1984;27.04.1992;190110;75;Anisha Spooner;27.02.1982;male;196710;TELEVISION;2,wuJqkhEXor,VtjsIlEzraYdmeXKSLwO
73;21.11.1982;21.11.2016;177450;81;Mea Marquez;22.11.1984;female;128610;MOBILE;177,241,9.0
74;30.01.1978;30.01.2011;128800;70;Estelle Denton;11.01.1978;male;144236;INTERNET;125.0
75;18.05.1997;18.05.2083;181459;93;Digby Flowers;03.10.1952;female;178965;TELEVISION;5,qaocJsGVOY,ILgLCHfZujMDhgOQOjfM
76;28.03.1995;28.03.2085;116605;97;Kien Decker;05.02.1959;male;170513;MOBILE;177,86,3.0
77;02.09.1964;02.09.2026;134141;47;Walid Mccormick;01.11.1952;male;120058;INTERNET;78.0
78;25.01.1963;25.01.2052;173016;63;Anisha Spooner;04.01.1960;male;106272;TELEVISION;6,WrRWvczMBN,xSWVgjcgsKAPngBYkjxo
79;23.08.1945;23.08.2008;147276;20;Eshal Roman;14.03.1980;male;158643;MOBILE;93,192,4.0
80;09.03.1972;09.03.1978;169513;56;Stephanie Ryan;07.10.1949;female;133349;INTERNET;359.0
81;24.12.1941;24.12.2029;176716;63;Katelin Hartman;30.01.1946;male;189981;TELEVISION;9,jNgCqVhCeJ,LArDzIklETbFBqkgqYba
82;30.08.1996;30.08.2048;170054;99;Chelsie Costa;25.08.1957;female;192495;MOBILE;122,97,2.0
83;19.09.1961;19.09.2029;174397;94;Joanne Blevins;24.12.1975;female;128945;INTERNET;222.0
84;18.04.1948;18.04.1986;153250;55;Jared Cartwright;14.07.1988;female;173196;TELEVISION;9,qnFsVUxigy,TANyJdgRlKAiQRSFzEhN
85;30.04.1987;30.04.1991;139295;19;Dan Hopper;29.06.1982;male;161538;MOBILE;52,106,2.0
86;14.07.1966;14.07.2024;150693;34;Pollyanna Villegas;21.04.1943;male;189889;INTERNET;138.0
87;30.07.1989;30.07.2083;107636;70;Lynn Mcclain;19.05.1973;female;115251;TELEVISION;4,tGHivKfwbW,wQuIUHPWnmewwMqpSGJD
88;10.09.1966;10.09.1972;193522;36;Alicia Holland;20.08.1978;male;153050;MOBILE;290,28,1.0
89;08.10.1955;08.10.2017;186999;23;Hussain Sutherland;11.06.1975;female;102897;INTERNET;157.0
90;24.01.1980;24.01.1995;164276;49;Iolo Crowther;24.03.1949;male;157734;TELEVISION;0,MTTqjURoGf,EZwekAlNrvldDgDUeZUa
91;01.08.1985;01.08.2052;166876;25;Sylvia Meyers;02.03.1963;female;123976;MOBILE;277,100,4.0
92;09.07.1944;09.07.1986;140674;91;Layla Merrill;10.01.1995;male;164043;INTERNET;1.0
93;08.09.1987;08.09.2005;123234;78;Ivy-Rose Grainger;08.01.1958;male;142039;TELEVISION;2,WYnftTLOKE,VZJBtYtJBgpcFCTHzxLD
94;03.08.1950;03.08.2003;145750;87;Amiyah Legge;02.04.1954;female;167390;MOBILE;12,148,9.0
95;12.08.1985;12.08.2006;155393;40;Joyce Erickson;02.03.1987;male;128141;INTERNET;93.0
96;19.06.1972;19.06.1993;148851;85;Walid Mccormick;09.02.1943;female;185921;TELEVISION;9,jZWVERXeYB,MubMKsxbCVgyMmDRmWmY
97;06.12.1968;06.12.2043;156230;42;Sumaiya Dunkley;29.04.1954;female;112707;MOBILE;297,128,6.0
98;03.01.1946;03.01.2041;191069;24;Montel Hastings;21.04.1945;male;195914;INTERNET;12.0
99;06.05.1966;06.05.1967;182054;76;Dorian Mccullough;13.04.1999;female;130038;TELEVISION;4,fNIwRtqyhx,uFDoLvsNDKumNvjCXqnK
100;05.07.1965;05.07.2024;123249;31;Rosa Carney;19.02.1953;female;128865;MOBILE;299,290,0.0
101;25.09.1950;25.09.1956;124911;12;Iga Wall;25.02.1942;female;175798;INTERNET;352.0
102;01.09.1981;01.09.2042;123501;5;Zi Begum;28.04.1990;male;131164;TELEVISION;5,mZcNLioOVO,bpsTPhZSRiqUOSADKqIy
103;22.03.1991;22.03.2074;191500;93;Ace Partridge;21.06.1997;female;155216;MOBILE;190,73,9.0
104;08.01.1956;08.01.2002;163754;36;Maciej Mclaughlin;22.12.1998;male;146801;INTERNET;200.0
105;20.10.1991;20.10.2023;108479;78;Jerome Zhang;30.12.1965;male;121565;TELEVISION;3,bceZQgynnD,wFGNbBdrXfhBleXGwCmJ
106;11.05.1941;11.05.2005;109124;87;Grover Kennedy;17.08.1944;female;141086;MOBILE;54,11,5.0
107;25.10.1995;25.10.2063;147369;43;Lily-Grace Douglas;27.02.1954;male;164331;INTERNET;273.0
108;08.12.1941;08.12.2003;175173;43;Forrest Lawson;19.07.1943;female;150679;TELEVISION;1,bTxCdlGUQV,kyYTtbzZWhZkrCZmPwOe
109;05.06.1968;05.06.2013;147226;30;Isla-Rae West;19.08.1957;male;116419;MOBILE;106,218,5.0
110;10.05.1988;10.05.2008;116478;90;Boyd Goulding;19.11.1995;female;113929;INTERNET;398.0
111;29.03.1983;29.03.1993;136138;83;Katie-Louise Ayers;27.04.1968;male;174300;TELEVISION;6,UDQuuFaXvg,zPXgkwgBDQaNKCynCXJn
112;04.04.1953;04.04.1987;113558;54;Caitlin Cross;14.04.1991;female;103928;MOBILE;229,257,3.0
113;02.03.1979;02.03.2057;172372;72;Orson Coffey;24.06.1988;female;173834;INTERNET;109.0
114;01.09.1985;01.09.2059;138173;19;Margie Daly;24.04.1990;male;146573;TELEVISION;7,iXyiwEFnft,vMjZWLWuSCgNkvSvZbxQ
115;04.12.1967;04.12.1987;155662;37;Simran Buxton;10.09.1977;male;111624;MOBILE;169,226,3.0
116;22.04.1964;22.04.2054;183318;7;Simran Buxton;18.08.1966;female;108372;INTERNET;312.0
117;07.08.1986;07.08.2072;199136;95;Caleb Mcculloch;19.01.1983;female;195360;TELEVISION;1,KKHFXrOmZN,LMSBWifiaSdwuFbJjMml
118;23.02.1946;23.02.2005;190255;21;Karla Terrell;27.06.1964;female;143360;MOBILE;173,89,5.0
119;26.07.1993;26.07.2085;127624;96;Amalia Hendrix;14.01.1961;male;170020;INTERNET;368.0
120;24.02.1970;24.02.2038;145175;45;Bryony Gentry;10.01.1966;male;185186;TELEVISION;8,KYHzGDbeaF,cEPIXJfaeVDfxDdQDRtM
121;30.01.1993;30.01.2046;197790;56;Lisa-Marie Harrell;13.07.1946;female;153046;MOBILE;151,114,3.0
122;27.04.1995;27.04.2076;157137;69;Betty Irvine;30.12.1953;female;185454;INTERNET;72.0
123;24.07.1976;24.07.2066;153209;3;Zi Begum;28.12.1993;male;128672;TELEVISION;0,MGWamojvDB,oLpqRGqEDeFGLiEVNIHb
124;27.11.1952;27.11.1980;141692;71;Jawad Emery;13.09.1986;female;132341;MOBILE;276,64,2.0
125;20.02.1954;20.02.2016;188072;71;Kirandeep Bateman;06.04.1979;female;150931;INTERNET;19.0
126;19.11.1947;19.11.1949;107096;6;Darlene Spence;14.02.1959;female;104293;TELEVISION;6,kZvcWPbgky,gNylNozLiSMFDrzsOkTB
127;22.08.1974;22.08.2010;114319;91;Isma Burn;26.06.1988;female;107051;MOBILE;149,73,3.0
128;24.07.2000;24.07.2061;106927;33;Elize Maddox;27.10.2000;female;174130;INTERNET;150.0
129;08.07.1943;08.07.1993;131202;87;Coby Amos;28.01.1977;male;168015;TELEVISION;7,gnSidqGSqa,HxPbxJWgGnaSXyMsKXJF
130;29.02.1988;28.02.1991;116343;52;Ameena Pearce;10.11.1964;male;195426;MOBILE;137,109,1.0
131;28.12.1994;28.12.2003;102757;19;Liyah Cherry;13.12.1978;female;193912;INTERNET;166.0
132;27.09.1986;27.09.2051;133588;72;Hasnain Lam;29.09.1973;female;152276;TELEVISION;6,QwyWUFYAiY,XvqvoPPLulXyaKgZHDaM
133;31.01.1976;31.01.1986;127428;2;Paris Robertson;25.08.1974;female;112964;MOBILE;255,274,7.0
134;28.11.1991;28.11.2052;145156;93;Yisroel Simons;19.09.1985;male;139908;INTERNET;368.0
135;15.02.1974;15.02.2010;115712;23;Oisin Sadler;25.07.1943;male;147591;TELEVISION;6,uSVrsdpTFA,tJdIWtkdeweBVVIJnjPG
136;27.07.1972;27.07.2020;142756;51;Julien Wickens;14.10.1963;male;113574;MOBILE;145,220,7.0
137;08.01.1950;08.01.1972;126574;67;Jamie-Lee Gallagher;06.08.1997;female;176359;INTERNET;259.0
138;27.03.1980;27.03.2011;133149;93;Hussain Sutherland;11.01.1953;male;185203;TELEVISION;3,ljiESzjmEx,brycDbqHSJWHxLEtczHX
139;13.09.1943;13.09.1975;160395;29;Liyah Cherry;22.06.1946;female;138760;MOBILE;97,147,6.0
140;27.09.1941;27.09.1990;172860;40;Humairaa Molina;24.12.1982;male;140227;INTERNET;34.0
141;06.11.1951;06.11.1984;144560;24;Haniya Richards;06.04.1952;female;163293;TELEVISION;9,QyHVfVACWi,dddmnAIlUZXgfsyOcLmd
142;27.03.1944;27.03.2027;146351;75;Hudson Mansell;27.01.1942;male;156181;MOBILE;80,180,6.0
143;17.10.1965;17.10.1986;143927;5;Sumaiya Dunkley;12.06.1958;female;197730;INTERNET;283.0
144;23.09.1998;23.09.2087;102619;46;Jillian Shepard;20.08.1987;male;160821;TELEVISION;8,zBpmXqxusN,aRApGubHNQLbQqkezzMD
145;12.01.1969;12.01.2034;168155;99;Derren Cochran;19.05.1977;male;122065;MOBILE;20,159,3.0
146;22.12.1965;22.12.2048;147869;93;Raja Connor;04.01.1948;male;190901;INTERNET;139.0
147;23.02.1968;23.02.2021;169434;16;Ebonie Ferry;27.04.1999;male;108953;TELEVISION;7,OXAEeJXmYB,DQrirhQYCeJRCoRSuUji
148;10.01.1943;10.01.1992;179539;95;Arian Deleon;05.10.1983;female;101392;MOBILE;178,283,1.0
149;08.05.1985;08.05.2056;153200;45;Abubakr Vasquez;20.04.1976;female;137865;INTERNET;30.0
